,asli,tanpa_stopword,lemmatized
0,"['a', 'virus', 'previously', 'unknown', 'to', 'science', 'is', 'causing', 'severe', 'lung', 'disease', 'in', 'china', 'and', 'has', 'also', 'been', 'detected', 'in', 'other', 'countries']","['virus', 'previously', 'unknown', 'science', 'causing', 'severe', 'lung', 'disease', 'china', 'also', 'detected', 'countries']","['virus', 'previously', 'unknown', 'science', 'causing', 'severe', 'lung', 'disease', 'china', 'also', 'detected', 'country']"
1,"['people', 'are', 'known', 'to', 'have', 'died', 'and', 'the', 'outbreak', 'shows', 'no', 'sign', 'of', 'stopping', 'soon']","['people', 'known', 'died', 'outbreak', 'shows', 'sign', 'stopping', 'soon']","['people', 'known', 'died', 'outbreak', 'show', 'sign', 'stopping', 'soon']"
2,"['a', 'new', 'virus', 'arriving', 'on', 'the', 'scene', 'leaving', 'patients', 'with', 'pneumonia', 'is', 'always', 'a', 'worry', 'and', 'health', 'officials', 'around', 'the', 'world', 'health', 'organization', 'has', 'declared', 'a', 'global', 'emergency']","['new', 'virus', 'arriving', 'scene', 'leaving', 'patients', 'pneumonia', 'always', 'worry', 'health', 'officials', 'around', 'world', 'health', 'organization', 'declared', 'global', 'emergency']","['new', 'virus', 'arriving', 'scene', 'leaving', 'patient', 'pneumonia', 'always', 'worry', 'health', 'official', 'around', 'world', 'health', 'organization', 'declared', 'global', 'emergency']"
3,"['can', 'this', 'outbreak', 'be', 'contained', 'or', 'is', 'this', 'something', 'far', 'more', 'dangerous']","['outbreak', 'contained', 'something', 'far', 'dangerous']","['outbreak', 'contained', 'something', 'far', 'dangerous']"
4,"['officials', 'in', 'china', 'have', 'confirmed', 'the', 'cases', 'are', 'caused', 'by', 'a', 'coronavirus']","['officials', 'china', 'confirmed', 'cases', 'caused', 'coronavirus']","['official', 'china', 'confirmed', 'case', 'caused', 'coronavirus']"
5,"['these', 'are', 'a', 'broad', 'family', 'of', 'viruses', 'but', 'only', 'six', 'the', 'new', 'one', 'would', 'make', 'it', 'seven', 'are', 'known', 'to', 'infect', 'people']","['broad', 'family', 'viruses', 'six', 'new', 'one', 'would', 'make', 'seven', 'known', 'infect', 'people']","['broad', 'family', 'virus', 'six', 'new', 'one', 'would', 'make', 'seven', 'known', 'infect', 'people']"
6,"['severe', 'acute', 'respiratory', 'syndrome', 'sars', 'which', 'is', 'caused', 'by', 'a', 'coronavirus', 'killed', '774', 'of', 'the', '8', '098', 'people', 'infected', 'in', 'an', 'outbreak', 'that', 'started', 'in', 'china', 'in', '2002']","['severe', 'acute', 'respiratory', 'syndrome', 'sars', 'caused', 'coronavirus', 'killed', '774', '8', '098', 'people', 'infected', 'outbreak', 'started', 'china', '2002']","['severe', 'acute', 'respiratory', 'syndrome', 'sars', 'caused', 'coronavirus', 'killed', '774', '8', '098', 'people', 'infected', 'outbreak', 'started', 'china', '2002']"
7,"['there', 'is', 'a', 'strong', 'memory', 'of', 'sars', 'that', 's', 'where', 'a', 'lot', 'of', 'fear', 'comes', 'from', 'but', 'we', 're', 'a', 'lot', 'more', 'prepared', 'to', 'deal', 'with', 'those', 'types', 'of', 'diseases', 'says', 'dr', 'josie', 'golding', 'from', 'the', 'wellcome', 'trust']","['strong', 'memory', 'sars', 'lot', 'fear', 'comes', 'lot', 'prepared', 'deal', 'types', 'diseases', 'says', 'dr', 'josie', 'golding', 'wellcome', 'trust']","['strong', 'memory', 'sars', 'lot', 'fear', 'come', 'lot', 'prepared', 'deal', 'type', 'disease', 'say', 'dr', 'josie', 'golding', 'wellcome', 'trust']"
8,"['it', 'seems', 'to', 'start', 'with', 'a', 'fever', 'followed', 'by', 'a', 'dry', 'cough', 'and', 'then', 'after', 'a', 'week', 'leads', 'to', 'shortness', 'of', 'breath', 'and', 'some', 'patients', 'needing', 'hospital', 'treatment']","['seems', 'start', 'fever', 'followed', 'dry', 'cough', 'week', 'leads', 'shortness', 'breath', 'patients', 'needing', 'hospital', 'treatment']","['seems', 'start', 'fever', 'followed', 'dry', 'cough', 'week', 'lead', 'shortness', 'breath', 'patient', 'needing', 'hospital', 'treatment']"
9,"['the', 'world', 'health', 'organization', 'says', 'data', 'from', '17', '000', 'patients', 'suggests', '82', 'have', 'mild', 'disease', '15', 'are', 'severe', 'and', '3', 'critical']","['world', 'health', 'organization', 'says', 'data', '17', '000', 'patients', 'suggests', '82', 'mild', 'disease', '15', 'severe', '3', 'critical']","['world', 'health', 'organization', 'say', 'data', '17', '000', 'patient', 'suggests', '82', 'mild', 'disease', '15', 'severe', '3', 'critical']"
10,"['notably', 'the', 'infection', 'rarely', 'seems', 'to', 'cause', 'a', 'runny', 'nose', 'or', 'sneezing']","['notably', 'infection', 'rarely', 'seems', 'cause', 'runny', 'nose', 'sneezing']","['notably', 'infection', 'rarely', 'seems', 'cause', 'runny', 'nose', 'sneezing']"
11,"['the', 'coronavirus', 'family', 'itself', 'can', 'cause', 'symptoms', 'ranging', 'from', 'a', 'mild', 'cold', 'all', 'the', 'way', 'through', 'to', 'severe', 'lung', 'problems', 'which', 'can', 'kill']","['coronavirus', 'family', 'cause', 'symptoms', 'ranging', 'mild', 'cold', 'way', 'severe', 'lung', 'problems', 'kill']","['coronavirus', 'family', 'cause', 'symptom', 'ranging', 'mild', 'cold', 'way', 'severe', 'lung', 'problem', 'kill']"
12,"['while', 'the', 'ratio', 'of', 'deaths', 'to', 'known', 'cases', 'appears', 'low', 'the', 'figures', 'are', 'unreliable']","['ratio', 'deaths', 'known', 'cases', 'appears', 'low', 'figures', 'unreliable']","['ratio', 'death', 'known', 'case', 'appears', 'low', 'figure', 'unreliable']"
13,"['it', 'is', 'far', 'too', 'simplistic', 'to', 'divide', 'the', 'number', 'of', 'deaths', 'by', 'the', 'number', 'of', 'cases', 'to', 'calculate', 'the', 'death', 'rate', 'to', 'get', 'a', 'figure', 'of', 'around', '2', 'at', 'this', 'stage', 'of', 'the', 'outbreak']","['far', 'simplistic', 'divide', 'number', 'deaths', 'number', 'cases', 'calculate', 'death', 'rate', 'get', 'figure', 'around', '2', 'stage', 'outbreak']","['far', 'simplistic', 'divide', 'number', 'death', 'number', 'case', 'calculate', 'death', 'rate', 'get', 'figure', 'around', '2', 'stage', 'outbreak']"
14,"['thousands', 'of', 'patients', 'are', 'still', 'being', 'treated', 'and', 'we', 'do', 'not', 'know', 'if', 'any', 'of', 'those', 'cases', 'will', 'die', 'so', 'the', 'death', 'rate', 'could', 'be', 'higher']","['thousands', 'patients', 'still', 'treated', 'know', 'cases', 'die', 'death', 'rate', 'could', 'higher']","['thousand', 'patient', 'still', 'treated', 'know', 'case', 'die', 'death', 'rate', 'could', 'higher']"
15,"['and', 'it', 'is', 'unclear', 'how', 'many', 'unreported', 'mild', 'cases', 'are', 'out', 'there', 'so', 'the', 'death', 'rate', 'could', 'also', 'be', 'lower']","['unclear', 'many', 'unreported', 'mild', 'cases', 'death', 'rate', 'could', 'also', 'lower']","['unclear', 'many', 'unreported', 'mild', 'case', 'death', 'rate', 'could', 'also', 'lower']"
16,"['the', 'world', 'health', 'organization', 'has', 'the', 'following', 'advice', 'which', 'apply', 'to', 'many', 'other', 'respiratory', 'diseases', 'too']","['world', 'health', 'organization', 'following', 'advice', 'apply', 'many', 'respiratory', 'diseases']","['world', 'health', 'organization', 'following', 'advice', 'apply', 'many', 'respiratory', 'disease']"
17,"['this', 'virus', 'is', 'not', 'really', 'new', 'it', 'is', 'just', 'new', 'to', 'humans', 'having', 'jumped', 'from', 'one', 'species', 'to', 'another']","['virus', 'really', 'new', 'new', 'humans', 'jumped', 'one', 'species', 'another']","['virus', 'really', 'new', 'new', 'human', 'jumped', 'one', 'specie', 'another']"
18,"['if', 'we', 'think', 'about', 'outbreaks', 'in', 'the', 'past', 'if', 'it', 'is', 'a', 'new', 'coronavirus', 'it', 'will', 'have', 'come', 'from', 'an', 'animal', 'reservoir', 'says', 'prof', 'jonathan', 'ball', 'a', 'virologist', 'at', 'the', 'university', 'of', 'nottingham']","['think', 'outbreaks', 'past', 'new', 'coronavirus', 'come', 'animal', 'reservoir', 'says', 'prof', 'jonathan', 'ball', 'virologist', 'university', 'nottingham']","['think', 'outbreak', 'past', 'new', 'coronavirus', 'come', 'animal', 'reservoir', 'say', 'prof', 'jonathan', 'ball', 'virologist', 'university', 'nottingham']"
19,"['many', 'of', 'the', 'early', 'coronavirus', 'cases', 'were', 'linked', 'to', 'the', 'south', 'china', 'seafood', 'wholesale', 'market', 'in', 'wuhan']","['many', 'early', 'coronavirus', 'cases', 'linked', 'south', 'china', 'seafood', 'wholesale', 'market', 'wuhan']","['many', 'early', 'coronavirus', 'case', 'linked', 'south', 'china', 'seafood', 'wholesale', 'market', 'wuhan']"
20,"['sars', 'started', 'off', 'in', 'bats', 'and', 'then', 'infected', 'the', 'civet', 'cat', 'which', 'in', 'turn', 'passed', 'it', 'on', 'to', 'humans']","['sars', 'started', 'bats', 'infected', 'civet', 'cat', 'turn', 'passed', 'humans']","['sars', 'started', 'bat', 'infected', 'civet', 'cat', 'turn', 'passed', 'human']"
21,"['and', 'middle', 'east', 'respiratory', 'syndrome', 'mers', 'which', 'has', 'killed', '858', 'out', 'of', 'the', '2', '494', 'recorded', 'cases', 'since', 'it', 'emerged', 'in', '2012', 'regularly', 'makes', 'the', 'jump', 'from', 'the', 'dromedary', 'camel']","['middle', 'east', 'respiratory', 'syndrome', 'mers', 'killed', '858', '2', '494', 'recorded', 'cases', 'since', 'emerged', '2012', 'regularly', 'makes', 'jump', 'dromedary', 'camel']","['middle', 'east', 'respiratory', 'syndrome', 'mers', 'killed', '858', '2', '494', 'recorded', 'case', 'since', 'emerged', '2012', 'regularly', 'make', 'jump', 'dromedary', 'camel']"
22,"['while', 'some', 'sea', 'going', 'mammals', 'can', 'carry', 'coronaviruses', 'such', 'as', 'the', 'beluga', 'whale', 'the', 'south', 'china', 'seafood', 'wholesale', 'market', 'also', 'had', 'live', 'wild', 'animals', 'including', 'chickens', 'rabbits', 'snakes', 'which', 'are', 'more', 'likely', 'to', 'be', 'the', 'source']","['sea', 'going', 'mammals', 'carry', 'coronaviruses', 'beluga', 'whale', 'south', 'china', 'seafood', 'wholesale', 'market', 'also', 'live', 'wild', 'animals', 'including', 'chickens', 'rabbits', 'snakes', 'likely', 'source']","['sea', 'going', 'mammal', 'carry', 'coronaviruses', 'beluga', 'whale', 'south', 'china', 'seafood', 'wholesale', 'market', 'also', 'live', 'wild', 'animal', 'including', 'chicken', 'rabbit', 'snake', 'likely', 'source']"
23,"['the', 'new', 'virus', 'is', 'closely', 'related', 'to', 'one', 'found', 'in', 'chinese', 'horseshoe', 'bats']","['new', 'virus', 'closely', 'related', 'one', 'found', 'chinese', 'horseshoe', 'bats']","['new', 'virus', 'closely', 'related', 'one', 'found', 'chinese', 'horseshoe', 'bat']"
24,"['however', 'south', 'china', 'agriculture', 'university', 'has', 'suggested', 'the', 'virus', 'could', 'have', 'moved', 'from', 'bats', 'to', 'pangolins', 'and', 'finally', 'to', 'humans']","['however', 'south', 'china', 'agriculture', 'university', 'suggested', 'virus', 'could', 'moved', 'bats', 'pangolins', 'finally', 'humans']","['however', 'south', 'china', 'agriculture', 'university', 'suggested', 'virus', 'could', 'moved', 'bat', 'pangolin', 'finally', 'human']"
25,"['two', 'reasons', 'people', 'coming', 'into', 'close', 'contact', 'with', 'animals', 'harbouring', 'viruses', 'and', 'dense', 'urban', 'populations', 'that', 'allow', 'it', 'to', 'spread']","['two', 'reasons', 'people', 'coming', 'close', 'contact', 'animals', 'harbouring', 'viruses', 'dense', 'urban', 'populations', 'allow', 'spread']","['two', 'reason', 'people', 'coming', 'close', 'contact', 'animal', 'harbouring', 'virus', 'dense', 'urban', 'population', 'allow', 'spread']"
26,"['no', 'one', 'is', 'surprised', 'the', 'next', 'outbreak', 'is', 'in', 'china', 'or', 'that', 'part', 'of', 'the', 'world', 'says', 'prof', 'mark', 'woolhouse', 'from', 'the', 'university', 'of', 'edinburgh']","['one', 'surprised', 'next', 'outbreak', 'china', 'part', 'world', 'says', 'prof', 'mark', 'woolhouse', 'university', 'edinburgh']","['one', 'surprised', 'next', 'outbreak', 'china', 'part', 'world', 'say', 'prof', 'mark', 'woolhouse', 'university', 'edinburgh']"
27,"['it', 'largely', 'spreads', 'when', 'infected', 'people', 'cough', 'droplets', 'containing', 'the', 'virus', 'into', 'the', 'air', 'that', 'infect', 'those', 'nearby']","['largely', 'spreads', 'infected', 'people', 'cough', 'droplets', 'containing', 'virus', 'air', 'infect', 'nearby']","['largely', 'spread', 'infected', 'people', 'cough', 'droplet', 'containing', 'virus', 'air', 'infect', 'nearby']"
28,"['initially', 'the', 'chinese', 'authorities', 'said', 'the', 'virus', 'was', 'not', 'spreading', 'between', 'people']","['initially', 'chinese', 'authorities', 'said', 'virus', 'spreading', 'people']","['initially', 'chinese', 'authority', 'said', 'virus', 'spreading', 'people']"
29,"['but', 'now', 'we', 'know', 'each', 'infected', 'person', 'is', 'passing', 'the', 'virus', 'on', 'to', 'between', 'two', 'and', 'three', 'other', 'people']","['know', 'infected', 'person', 'passing', 'virus', 'two', 'three', 'people']","['know', 'infected', 'person', 'passing', 'virus', 'two', 'three', 'people']"
30,"['this', 'figure', 'is', 'the', 'basic', 'reproduction', 'number', 'of', 'the', 'virus', 'anything', 'higher', 'than', 'one', 'means', 'the', 'virus', 'is', 'self', 'sustaining']","['figure', 'basic', 'reproduction', 'number', 'virus', 'anything', 'higher', 'one', 'means', 'virus', 'self', 'sustaining']","['figure', 'basic', 'reproduction', 'number', 'virus', 'anything', 'higher', 'one', 'mean', 'virus', 'self', 'sustaining']"
31,"['in', 'other', 'words', 'this', 'is', 'not', 'an', 'outbreak', 'that', 'will', 'burn', 'out', 'on', 'its', 'own', 'and', 'disappear']","['words', 'outbreak', 'burn', 'disappear']","['word', 'outbreak', 'burn', 'disappear']"
32,"['mostly', 'when', 'people', 'are', 'coughing', 'however', 'chinese', 'scientists', 'have', 'suggested', 'some', 'people', 'may', 'be', 'infectious', 'even', 'before', 'their', 'symptoms', 'appear']","['mostly', 'people', 'coughing', 'however', 'chinese', 'scientists', 'suggested', 'people', 'may', 'infectious', 'even', 'symptoms', 'appear']","['mostly', 'people', 'coughing', 'however', 'chinese', 'scientist', 'suggested', 'people', 'may', 'infectious', 'even', 'symptom', 'appear']"
33,"['the', 'time', 'between', 'infection', 'and', 'symptoms', 'known', 'as', 'the', 'incubation', 'period', 'lasts', 'up', 'to', '14', 'days']","['time', 'infection', 'symptoms', 'known', 'incubation', 'period', 'lasts', '14', 'days']","['time', 'infection', 'symptom', 'known', 'incubation', 'period', 'last', '14', 'day']"
34,"['sars', 'and', 'ebola', 'are', 'contagious', 'only', 'when', 'symptoms', 'appear']","['sars', 'ebola', 'contagious', 'symptoms', 'appear']","['sars', 'ebola', 'contagious', 'symptom', 'appear']"
35,"['such', 'outbreaks', 'are', 'relatively', 'easy', 'to', 'stop', 'identify', 'and', 'isolate', 'people', 'who', 'are', 'sick', 'and', 'monitor', 'anyone', 'they', 'came', 'into', 'contact', 'with']","['outbreaks', 'relatively', 'easy', 'stop', 'identify', 'isolate', 'people', 'sick', 'monitor', 'anyone', 'came', 'contact']","['outbreak', 'relatively', 'easy', 'stop', 'identify', 'isolate', 'people', 'sick', 'monitor', 'anyone', 'came', 'contact']"
36,"['but', 'symptomless', 'spreaders', 'are', 'much', 'harder', 'to', 'stop']","['symptomless', 'spreaders', 'much', 'harder', 'stop']","['symptomless', 'spreader', 'much', 'harder', 'stop']"
37,"['there', 'are', 'thousands', 'of', 'new', 'cases', 'being', 'reported', 'each', 'day']","['thousands', 'new', 'cases', 'reported', 'day']","['thousand', 'new', 'case', 'reported', 'day']"
38,"['however', 'outbreak', 'analysts', 'believe', 'these', 'are', 'only', 'the', 'tip', 'of', 'the', 'iceberg']","['however', 'outbreak', 'analysts', 'believe', 'tip', 'iceberg']","['however', 'outbreak', 'analyst', 'believe', 'tip', 'iceberg']"
39,"['their', 'mathematical', 'models', 'suggest', 'the', 'true', 'scale', 'of', 'the', 'outbreak', 'could', 'be', '10', 'times', 'larger', 'than', 'the', 'official', 'figures']","['mathematical', 'models', 'suggest', 'true', 'scale', 'outbreak', 'could', '10', 'times', 'larger', 'official', 'figures']","['mathematical', 'model', 'suggest', 'true', 'scale', 'outbreak', 'could', '10', 'time', 'larger', 'official', 'figure']"
40,"['multiple', 'groups', 'have', 'estimated', 'the', 'number', 'of', 'cases', 'is', 'doubling', 'every', 'five', 'to', 'seven', 'days']","['multiple', 'groups', 'estimated', 'number', 'cases', 'doubling', 'every', 'five', 'seven', 'days']","['multiple', 'group', 'estimated', 'number', 'case', 'doubling', 'every', 'five', 'seven', 'day']"
41,"['the', 'world', 'health', 'organization', 'who', 'says', 'the', 'virus', 'is', 'a', 'public', 'health', 'emergency', 'of', 'international', 'concern', 'as', 'it', 'did', 'with', 'swine', 'flu', 'and', 'ebola']","['world', 'health', 'organization', 'says', 'virus', 'public', 'health', 'emergency', 'international', 'concern', 'swine', 'flu', 'ebola']","['world', 'health', 'organization', 'say', 'virus', 'public', 'health', 'emergency', 'international', 'concern', 'swine', 'flu', 'ebola']"
42,"['it', 'said', 'it', 'has', 'done', 'so', 'in', 'order', 'to', 'provide', 'extra', 'support', 'to', 'lower', 'and', 'middle', 'income', 'countries', 'with', 'weaker', 'health', 'systems', 'that', 'might', 'not', 'be', 'able', 'to', 'spot', 'or', 'isolate', 'cases', 'of', 'coronavirus']","['said', 'done', 'order', 'provide', 'extra', 'support', 'lower', 'middle', 'income', 'countries', 'weaker', 'health', 'systems', 'might', 'able', 'spot', 'isolate', 'cases', 'coronavirus']","['said', 'done', 'order', 'provide', 'extra', 'support', 'lower', 'middle', 'income', 'country', 'weaker', 'health', 'system', 'might', 'able', 'spot', 'isolate', 'case', 'coronavirus']"
43,"['the', 'virus', 'seems', 'to', 'be', 'quite', 'stable', 'so', 'far']","['virus', 'seems', 'quite', 'stable', 'far']","['virus', 'seems', 'quite', 'stable', 'far']"
44,"['however', 'it', 'is', 'possible', 'for', 'viruses', 'to', 'mutate', 'and', 'that', 'is', 'something', 'scientists', 'will', 'be', 'watching', 'closely']","['however', 'possible', 'viruses', 'mutate', 'something', 'scientists', 'watching', 'closely']","['however', 'possible', 'virus', 'mutate', 'something', 'scientist', 'watching', 'closely']"
45,"['the', 'world', 'health', 'organization', 'say', 'the', 'outbreak', 'can', 'be', 'contained', 'but', 'this', 'is', 'not', 'a', 'universally', 'shared', 'view']","['world', 'health', 'organization', 'say', 'outbreak', 'contained', 'universally', 'shared', 'view']","['world', 'health', 'organization', 'say', 'outbreak', 'contained', 'universally', 'shared', 'view']"
46,"['experts', 'including', 'the', 'former', 'head', 'of', 'the', 'us', 'centers', 'for', 'disease', 'control', 'argue', 'the', 'virus', 'could', 'become', 'a', 'pandemic', 'a', 'global', 'epidemic']","['experts', 'including', 'former', 'head', 'us', 'centers', 'disease', 'control', 'argue', 'virus', 'could', 'become', 'pandemic', 'global', 'epidemic']","['expert', 'including', 'former', 'head', 'u', 'center', 'disease', 'control', 'argue', 'virus', 'could', 'become', 'pandemic', 'global', 'epidemic']"
47,"['it', 's', 'highly', 'likely', 'that', '2019ncov', 'will', 'be', 'a', 'pandemic', 'spreading', 'beyond', 'china']","['highly', 'likely', '2019ncov', 'pandemic', 'spreading', 'beyond', 'china']","['highly', 'likely', '2019ncov', 'pandemic', 'spreading', 'beyond', 'china']"
48,"['we', 'don', 't', 'know', 'yet', 'whether', 'the', 'pandemic', 'will', 'be', 'mild', 'moderate', 'or', 'severe']","['know', 'yet', 'whether', 'pandemic', 'mild', 'moderate', 'severe']","['know', 'yet', 'whether', 'pandemic', 'mild', 'moderate', 'severe']"
49,"['key', 'is', 'to', 'find', 'and', 'implement', 'the', 'best', 'ways', 'to', 'protect', 'people']","['key', 'find', 'implement', 'best', 'ways', 'protect', 'people']","['key', 'find', 'implement', 'best', 'way', 'protect', 'people']"
50,"['pic', 'twitter', 'com', 'zjjjuxylv6', 'end', 'of', 'twitter', 'post', 'by', 'drtomfrieden', 'the', 'only', 'way', 'it', 'can', 'be', 'stopped', 'is', 'to', 'prevent', 'people', 'who', 'have', 'become', 'infected', 'from', 'spreading', 'the', 'virus', 'to', 'others']","['pic', 'twitter', 'com', 'zjjjuxylv6', 'end', 'twitter', 'post', 'drtomfrieden', 'way', 'stopped', 'prevent', 'people', 'become', 'infected', 'spreading', 'virus', 'others']","['pic', 'twitter', 'com', 'zjjjuxylv6', 'end', 'twitter', 'post', 'drtomfrieden', 'way', 'stopped', 'prevent', 'people', 'become', 'infected', 'spreading', 'virus', 'others']"
51,"['that', 'means', 'a', 'massive', 'feat', 'of', 'detective', 'work', 'will', 'also', 'be', 'needed', 'to', 'identify', 'people', 'who', 'have', 'been', 'in', 'close', 'contact', 'with', 'patients', 'to', 'see', 'if', 'they', 'have', 'the', 'virus']","['means', 'massive', 'feat', 'detective', 'work', 'also', 'needed', 'identify', 'people', 'close', 'contact', 'patients', 'see', 'virus']","['mean', 'massive', 'feat', 'detective', 'work', 'also', 'needed', 'identify', 'people', 'close', 'contact', 'patient', 'see', 'virus']"
52,['no'],[],[]
53,"['however', 'the', 'work', 'to', 'develop', 'them', 'is', 'already', 'under', 'way', 'and', 'it', 'is', 'hoped', 'there', 'will', 'be', 'human', 'trials', 'before', 'the', 'end', 'of', 'the', 'year']","['however', 'work', 'develop', 'already', 'way', 'hoped', 'human', 'trials', 'end', 'year']","['however', 'work', 'develop', 'already', 'way', 'hoped', 'human', 'trial', 'end', 'year']"
54,"['and', 'hospitals', 'are', 'testing', 'anti', 'viral', 'drugs', 'to', 'see', 'if', 'they', 'have', 'an', 'impact']","['hospitals', 'testing', 'anti', 'viral', 'drugs', 'see', 'impact']","['hospital', 'testing', 'anti', 'viral', 'drug', 'see', 'impact']"
55,"['a', 'combination', 'of', 'two', 'drugs', 'lopinavir', 'and', 'ritonavir', 'was', 'successful', 'in', 'the', 'sars', 'epidemic', 'and', 'is', 'being', 'tested', 'in', 'china', 'during', 'this', 'outbreak']","['combination', 'two', 'drugs', 'lopinavir', 'ritonavir', 'successful', 'sars', 'epidemic', 'tested', 'china', 'outbreak']","['combination', 'two', 'drug', 'lopinavir', 'ritonavir', 'successful', 'sars', 'epidemic', 'tested', 'china', 'outbreak']"
56,"['but', 'at', 'the', 'moment', 'treatment', 'relies', 'on', 'the', 'basics', 'keeping', 'the', 'patient', 's', 'body', 'going', 'including', 'breathing', 'support', 'until', 'their', 'immune', 'system', 'can', 'fight', 'the', 'virus', 'off']","['moment', 'treatment', 'relies', 'basics', 'keeping', 'patient', 'body', 'going', 'including', 'breathing', 'support', 'immune', 'system', 'fight', 'virus']","['moment', 'treatment', 'relies', 'basic', 'keeping', 'patient', 'body', 'going', 'including', 'breathing', 'support', 'immune', 'system', 'fight', 'virus']"
57,"['colds', 'and', 'flu', 'tend', 'to', 'do', 'their', 'main', 'business', 'in', 'the', 'winter', 'months', 'so', 'there', 'is', 'hope', 'that', 'the', 'turning', 'of', 'the', 'seasons', 'may', 'help', 'stem', 'the', 'outbreak']","['colds', 'flu', 'tend', 'main', 'business', 'winter', 'months', 'hope', 'turning', 'seasons', 'may', 'help', 'stem', 'outbreak']","['cold', 'flu', 'tend', 'main', 'business', 'winter', 'month', 'hope', 'turning', 'season', 'may', 'help', 'stem', 'outbreak']"
58,"['schools', 'are', 'closed', 'for', 'a', 'long', 'time', 'in', 'the', 'summer', 'and', 'that', 'helps', 'limit', 'the', 'spread', 'of', 'many', 'of', 'these', 'respiratory', 'infections', 'said', 'prof', 'john', 'edmunds', 'from', 'the', 'london', 'school', 'of', 'hygiene', 'and', 'tropical', 'medicine']","['schools', 'closed', 'long', 'time', 'summer', 'helps', 'limit', 'spread', 'many', 'respiratory', 'infections', 'said', 'prof', 'john', 'edmunds', 'london', 'school', 'hygiene', 'tropical', 'medicine']","['school', 'closed', 'long', 'time', 'summer', 'help', 'limit', 'spread', 'many', 'respiratory', 'infection', 'said', 'prof', 'john', 'edmunds', 'london', 'school', 'hygiene', 'tropical', 'medicine']"
59,"['however', 'mers', 'coronavirus', 'emerged', 'in', 'the', 'summer', 'in', 'saudi', 'arabia']","['however', 'mers', 'coronavirus', 'emerged', 'summer', 'saudi', 'arabia']","['however', 'mers', 'coronavirus', 'emerged', 'summer', 'saudi', 'arabia']"
60,"['these', 'viruses', 'can', 'certainly', 'spread', 'during', 'the', 'high', 'temperature', 'seasons', 'but', 'the', 'extent', 'of', 'the', 'spread', 'is', 'what', 's', 'important', 'said', 'prof', 'david', 'heymann']","['viruses', 'certainly', 'spread', 'high', 'temperature', 'seasons', 'extent', 'spread', 'important', 'said', 'prof', 'david', 'heymann']","['virus', 'certainly', 'spread', 'high', 'temperature', 'season', 'extent', 'spread', 'important', 'said', 'prof', 'david', 'heymann']"
61,"['china', 'has', 'done', 'something', 'unprecedented', 'anywhere', 'in', 'the', 'world', 'effectively', 'putting', 'entire', 'cities', 'into', 'quarantine']","['china', 'done', 'something', 'unprecedented', 'anywhere', 'world', 'effectively', 'putting', 'entire', 'cities', 'quarantine']","['china', 'done', 'something', 'unprecedented', 'anywhere', 'world', 'effectively', 'putting', 'entire', 'city', 'quarantine']"
62,"['the', 'central', 'province', 'of', 'hubei', 'which', 'includes', 'wuhan', 'is', 'in', 'lockdown', 'with', 'around', '60', 'million', 'people', 'affected']","['central', 'province', 'hubei', 'includes', 'wuhan', 'lockdown', 'around', '60', 'million', 'people', 'affected']","['central', 'province', 'hubei', 'includes', 'wuhan', 'lockdown', 'around', '60', 'million', 'people', 'affected']"
63,"['beijing', 'has', 'banned', 'group', 'dining', 'for', 'events', 'such', 'as', 'birthdays', 'and', 'weddings', 'while', 'cities', 'such', 'as', 'hangzhou', 'and', 'nanchang', 'are', 'limiting', 'how', 'many', 'family', 'members', 'can', 'leave', 'home', 'each', 'day']","['beijing', 'banned', 'group', 'dining', 'events', 'birthdays', 'weddings', 'cities', 'hangzhou', 'nanchang', 'limiting', 'many', 'family', 'members', 'leave', 'home', 'day']","['beijing', 'banned', 'group', 'dining', 'event', 'birthday', 'wedding', 'city', 'hangzhou', 'nanchang', 'limiting', 'many', 'family', 'member', 'leave', 'home', 'day']"
64,"['hubei', 'province', 'has', 'even', 'switched', 'off', 'lifts', 'in', 'high', 'rise', 'buildings', 'to', 'discourage', 'residents', 'from', 'going', 'outside']","['hubei', 'province', 'even', 'switched', 'lifts', 'high', 'rise', 'buildings', 'discourage', 'residents', 'going', 'outside']","['hubei', 'province', 'even', 'switched', 'lift', 'high', 'rise', 'building', 'discourage', 'resident', 'going', 'outside']"
65,"['dr', 'golding', 'says', 'at', 'the', 'moment', 'until', 'we', 'have', 'more', 'information', 'it', 's', 'really', 'hard', 'to', 'know', 'how', 'worried', 'we', 'should', 'be']","['dr', 'golding', 'says', 'moment', 'information', 'really', 'hard', 'know', 'worried']","['dr', 'golding', 'say', 'moment', 'information', 'really', 'hard', 'know', 'worried']"
66,"['until', 'we', 'have', 'confirmation', 'of', 'the', 'source', 'that', 's', 'always', 'going', 'to', 'make', 'us', 'uneasy']","['confirmation', 'source', 'always', 'going', 'make', 'us', 'uneasy']","['confirmation', 'source', 'always', 'going', 'make', 'u', 'uneasy']"
67,"['prof', 'ball', 'says', 'we', 'should', 'be', 'worried', 'about', 'any', 'virus', 'that', 'explores', 'humans', 'for', 'the', 'first', 'time', 'because', 'it', 's', 'overcome', 'the', 'first', 'major', 'barrier']","['prof', 'ball', 'says', 'worried', 'virus', 'explores', 'humans', 'first', 'time', 'overcome', 'first', 'major', 'barrier']","['prof', 'ball', 'say', 'worried', 'virus', 'explores', 'human', 'first', 'time', 'overcome', 'first', 'major', 'barrier']"
68,"['once', 'inside', 'a', 'human', 'cell', 'and', 'replicating', 'it', 'can', 'start', 'to', 'generate', 'mutations', 'that', 'could', 'allow', 'it', 'to', 'spread', 'more', 'efficiently', 'and', 'become', 'more', 'dangerous']","['inside', 'human', 'cell', 'replicating', 'start', 'generate', 'mutations', 'could', 'allow', 'spread', 'efficiently', 'become', 'dangerous']","['inside', 'human', 'cell', 'replicating', 'start', 'generate', 'mutation', 'could', 'allow', 'spread', 'efficiently', 'become', 'dangerous']"
69,"['you', 'don', 't', 'want', 'to', 'give', 'the', 'virus', 'the', 'opportunity']","['want', 'give', 'virus', 'opportunity']","['want', 'give', 'virus', 'opportunity']"
